"NumberOfEstimator,TreeErrorAssociatedWithCorrectness"
5,0.1537598204264793
4,0.15603551943990002
3,0.15463981564814033
2,0.1548973312942299
1,0.1649809360921798
