"NumberOfEstimator,TreeErrorAssociatedWithCorrectness"
5,0.15375982042690395
4,0.18689622083644275
3,0.21851446466932345
2,0.24561721205442422
1,0.2886933585643483
